tweet_id,original_text,aspect,aspect_description,sentiment,sentiment_numeric,confidence
569263373092823040,@USAirways how is it that my flt to EWR was Cancelled Flightled yet flts to NYC from USAirways are still flying?,delays,Timeliness and schedule issues,negative,0,0.9256232189637404
568818669024907264,@JetBlue what is going on with your BDL to DCA flights yesterday and today?! Why is every single one getting delayed?,delays,Timeliness and schedule issues,negative,0,0.9445178416929297
570008443626647552,@united still waiting to hear back. My wallet was stolen from one of your planes so would appreciate a resolution here,delays,Timeliness and schedule issues,negative,0,0.7750539629547553
568622671287566336,@united Yes my flight was rebooked. I'm just losing trust in you if I want to get anywhere on time.,flight_experience,Overall flight experience,negative,0,0.7757510460612757
568884344221081600,"@united not 100% sure, however my ticket included one checked bag, therefore this charge was extra and completely unanticipated.",baggage,Baggage handling,negative,0,0.9307512859985864
570119853312311296,"@usairways great crew for flight 504 PHX to YVR tonight! Friendly, efficient. Awesome job.",service,Staff and customer service quality,positive,2,0.9609556274653914
570119853312311296,"@usairways great crew for flight 504 PHX to YVR tonight! Friendly, efficient. Awesome job.",flight_experience,Overall flight experience,positive,2,0.9609556274653914
568572506300243968,@SouthwestAir Already signed up!  Thanks!  Looking forward to trying the Southwest experience.,flight_experience,Overall flight experience,positive,2,0.889602387620888
569346960181870592,@USAirways flight 837 passengers stuck on plane in Philly. Where is the gangway?  We can't hear the pilot,flight_experience,Overall flight experience,negative,0,0.9488360778920301
569994045205803009,@SouthwestAir thanks for the quick response. Should I call daily it wait the 5 days.,delays,Timeliness and schedule issues,positive,2,0.8844943614219329
569598991463268352,@AmericanAir @yvonneokaka When do I get my personal response and apology for your crew's having forgotten to load baggage onto my flight?,baggage,Baggage handling,negative,0,0.9382289864560636
569598991463268352,@AmericanAir @yvonneokaka When do I get my personal response and apology for your crew's having forgotten to load baggage onto my flight?,flight_experience,Overall flight experience,negative,0,0.9382289864560636
568803218488033282,@united is a money sucking airline with terrible terrible customer service,service,Staff and customer service quality,negative,0,0.9892626011625089
570118668551458816,@AmericanAir and btwn gate a8 &amp; a15 I lost a diamond earring #dayjustgotWORSE! Pls have maintenance look for it!! http://t.co/UieSR3GHHO,baggage,Baggage handling,negative,0,0.7883968948086433
567821528424845312,"@JetBlue we have just landed, thank you anyway. Btw, flight staff on flight 654 were wonderful despite their full day and heavy load.",service,Staff and customer service quality,positive,2,0.8982744053955695
567821528424845312,"@JetBlue we have just landed, thank you anyway. Btw, flight staff on flight 654 were wonderful despite their full day and heavy load.",flight_experience,Overall flight experience,positive,2,0.8982744053955695
569628323443318785,@AmericanAir the ticket is a poor gesture of goodwill (for missed trip) to a top status flyer - I may not next time (AA91 LHR-ORD 2/16),flight_experience,Overall flight experience,negative,0,0.9172930446817921
568434482270707712,@VirginAmerica Just bought tix for ATX - Dallas route - thanks for adding that! Love yr airline &amp; yr website is BEST transactional site EVER,booking,Booking and check-in process,positive,2,0.889609816687777
568766295761682432,@JetBlue haha no need to apologize 😁 I'll be Flight Booking Problems sooner than Late Flightr. I love JetBlue,delays,Timeliness and schedule issues,positive,2,0.893637366581209
568766295761682432,@JetBlue haha no need to apologize 😁 I'll be Flight Booking Problems sooner than Late Flightr. I love JetBlue,booking,Booking and check-in process,positive,2,0.893637366581209
568766295761682432,@JetBlue haha no need to apologize 😁 I'll be Flight Booking Problems sooner than Late Flightr. I love JetBlue,flight_experience,Overall flight experience,positive,2,0.893637366581209
569152201278525440,@SouthwestAir been on hold  for 2 1/2 hrs. Can't get 2 airport 4 flight icy country backroads! Help pls? Can a human answer? #BNA,flight_experience,Overall flight experience,negative,0,0.9772684704437232
569985838689456128,"@USAirways do you operate ANY flights without maintenance issues? Flights in/out of DCA Cancelled Flighted, this is getting old. Update fleet pls!",delays,Timeliness and schedule issues,negative,0,0.9460463937995031
568815660815519744,@united or I'm sure her business will go else where for airline travel. Her name is Kathryn Sotelo,flight_experience,Overall flight experience,negative,0,0.7053383762890909
569857037477158912,"@USAirways: I relied on US Airways, and that was my mistake. Awful customer experience.",flight_experience,Overall flight experience,negative,0,0.9343768961035608
570268326250745856,@AmericanAir my flight to DFW from LIT on my way to PDX tomorrow was Cancelled Flighted. Can you help me?,delays,Timeliness and schedule issues,negative,0,0.862388162060458
570268326250745856,@AmericanAir my flight to DFW from LIT on my way to PDX tomorrow was Cancelled Flighted. Can you help me?,flight_experience,Overall flight experience,negative,0,0.862388162060458
569830265364701184,@united very poor customer service. I WILL think again befor Flight Booking Problems another United flight.,service,Staff and customer service quality,negative,0,0.9454784374017575
569830265364701184,@united very poor customer service. I WILL think again befor Flight Booking Problems another United flight.,booking,Booking and check-in process,negative,0,0.9454784374017575
569830265364701184,@united very poor customer service. I WILL think again befor Flight Booking Problems another United flight.,flight_experience,Overall flight experience,negative,0,0.9454784374017575
568450017649778688,@united Joni did a great job on flight 5653 to LAX. Thanks for a great flight.,flight_experience,Overall flight experience,positive,2,0.9937936774449729
569261989735718914,@united A broken luggage and a mild case of food poisoning from UA5 LHR-IAH. Who can I email about this?,baggage,Baggage handling,negative,0,0.9445002090541981
569261989735718914,@united A broken luggage and a mild case of food poisoning from UA5 LHR-IAH. Who can I email about this?,food,Food and beverage service,negative,0,0.9445002090541981
568631189856264192,"@JetBlue Great Thank you, lets hope so! Could you please notify me if flight 2302 leaves JFK? Thank you again",flight_experience,Overall flight experience,positive,2,0.9689617839699347
569117696610185217,@united coupled with self-service policies/cost cutting exacerbates the noted issues. (3/3),service,Staff and customer service quality,negative,0,0.9267011788428954
570255201069899776,@AmericanAir Can't unload flight #3322 because jetway is broken.  #steps #planB? #waiting nearly an hour,delays,Timeliness and schedule issues,negative,0,0.9699898433461043
570255201069899776,@AmericanAir Can't unload flight #3322 because jetway is broken.  #steps #planB? #waiting nearly an hour,flight_experience,Overall flight experience,negative,0,0.9699898433461043
568056439291256832,@united did not get names...Dallas flight and Chicago,flight_experience,Overall flight experience,neutral,1,0.8251562502584653
569341641200439296,@JetBlue can we get a honest update on departure of flite 454. Been on plane with infant children,flight_experience,Overall flight experience,negative,0,0.8638169118431547
568812046747201537,"@VirginAmerica lost my luggage 4 days ago on flight VX 112 from LAX to IAD &amp; I'm calling every day, no response.Please give me back my stuff",baggage,Baggage handling,negative,0,0.9415351061320218
568812046747201537,"@VirginAmerica lost my luggage 4 days ago on flight VX 112 from LAX to IAD &amp; I'm calling every day, no response.Please give me back my stuff",flight_experience,Overall flight experience,negative,0,0.9415351061320218
567820647465803776,@USAirways It was US 893. The gate was open after about 50 mins waiting. What a great way to finish an 18 hour delayed arrival!!,delays,Timeliness and schedule issues,negative,0,0.9441667465723984
567897030934269952,@JetBlue flight 705. EWR to FLL,flight_experience,Overall flight experience,neutral,1,0.8272598166380111
567729416231321600,@SouthwestAir I've been on hold with customer service for over an hour. Can you help?!,service,Staff and customer service quality,negative,0,0.9958805684863864
569275566077165568,"@united hey, I missed my outbound flight - can I still use my return ticket?",flight_experience,Overall flight experience,neutral,1,0.6933850352274404
569380376709238784,@JetBlue  Alright I hope. My JetBlue app is showing a change in my seats and online shows an a320.  Don't want any surprises,booking,Booking and check-in process,neutral,1,0.8290502440784925
569380376709238784,@JetBlue  Alright I hope. My JetBlue app is showing a change in my seats and online shows an a320.  Don't want any surprises,comfort,Physical comfort during flight,neutral,1,0.8290502440784925
570246490473566208,@SouthwestAir Is there a way to receive a refund on a trip that was Cancelled Flight online instead of calling? Your phone lines are super busy.,delays,Timeliness and schedule issues,negative,0,0.9494632476440075
570246490473566208,@SouthwestAir Is there a way to receive a refund on a trip that was Cancelled Flight online instead of calling? Your phone lines are super busy.,flight_experience,Overall flight experience,negative,0,0.9494632476440075
569870442388983808,@USAirways you would rather a while plane get exposed to a nasty contagious virus then work wth me to get my flight changed to a Late Flightr date,delays,Timeliness and schedule issues,negative,0,0.9330726675345219
569870442388983808,@USAirways you would rather a while plane get exposed to a nasty contagious virus then work wth me to get my flight changed to a Late Flightr date,flight_experience,Overall flight experience,negative,0,0.9330726675345219
567765690589790208,@SouthwestAir your gate agent re-routed an impossible itinerary and we had to find a new airline to get us home. Super bummed about this,service,Staff and customer service quality,negative,0,0.8956136644995527
569850912451072000,@AmericanAir stiiiil waiting. Please respond as my flight leaves in 2 1/2 hrs,flight_experience,Overall flight experience,negative,0,0.9218594119050761
569850912451072000,@AmericanAir stiiiil waiting. Please respond as my flight leaves in 2 1/2 hrs,delays,Timeliness and schedule issues,negative,0,0.9218594119050761
569691767953436674,"@SouthwestAir I need to Cancelled Flight one leg of a flight, but can't seem to do this online. Been on hold on the phone for 10 minutes. Any help?",flight_experience,Overall flight experience,negative,0,0.9544030346455378
569691767953436674,"@SouthwestAir I need to Cancelled Flight one leg of a flight, but can't seem to do this online. Been on hold on the phone for 10 minutes. Any help?",delays,Timeliness and schedule issues,negative,0,0.9544030346455378
569615444300185600,"@AmericanAir Cancelled Flights my flight, doesn't send an email, text or call. Now I'm stranded in Louisville.",flight_experience,Overall flight experience,negative,0,0.9499530662760723
569615444300185600,"@AmericanAir Cancelled Flights my flight, doesn't send an email, text or call. Now I'm stranded in Louisville.",delays,Timeliness and schedule issues,negative,0,0.9499530662760723
567874858815733761,@JetBlue bag is supposedly here in Boston,baggage,Baggage handling,negative,0,0.9174566574213605
570081513087369216,@AmericanAir you are beyond redemption. Jfk. Baggage claim looks like a luggage warehouse,baggage,Baggage handling,negative,0,0.8926519938619019
569699471954587648,@United #1758 now going in 40 min waiting for other plane to vacate gate. #findanothergate,flight_experience,Overall flight experience,negative,0,0.9454462083430895
569699471954587648,@United #1758 now going in 40 min waiting for other plane to vacate gate. #findanothergate,delays,Timeliness and schedule issues,negative,0,0.9454462083430895
569715860241129472,@AmericanAir that luggage you forgot...#mia.....he just won an oscar😄💝💝💝,baggage,Baggage handling,negative,0,0.892788965036641
570089091276128258,"@SouthwestAir you should have assigned seating, because now my cousin &amp; I probably can't sit together on our flight tomorrow.. Thanks.",flight_experience,Overall flight experience,neutral,1,0.7993488316975815
568482412990218241,@USAirways My flight cost me just under $800 and this is what happens? I fly with @united and have no problems. I come the US 4-5 times...,flight_experience,Overall flight experience,negative,0,0.7101031054010566
569016065600008193,@USAirways Not only did u lose the flight plan! Now ur flight crew is FAA timed out! Thx for havin us sit on the tarmac for an hr! #Pathetic,service,Staff and customer service quality,negative,0,0.9329756281704499
569016065600008193,@USAirways Not only did u lose the flight plan! Now ur flight crew is FAA timed out! Thx for havin us sit on the tarmac for an hr! #Pathetic,flight_experience,Overall flight experience,negative,0,0.9329756281704499
569471541554978817,"@united 2100$ ticket,12h biz trvl,no wifi.Missed con flt,next one#24h,missed meeting,7$ food voucher,hotel chkout#12,flt#5,no wifi#hotel",food,Food and beverage service,negative,0,0.9519322118505181
569609590171676675,@AmericanAir an hour at baggage carousel and still no luggage?? Nail in the coffin.,baggage,Baggage handling,negative,0,0.9825722174748597
569815061440679937,"@USAirways as the employee responsible for social media content, yes u probably do care however the actions from last night say otherwise",service,Staff and customer service quality,negative,0,0.9081049983736903
568923827788505088,@SouthwestAir here we go again. Delayed in Chicago why offer the 630 flight if you never intend to fly it,flight_experience,Overall flight experience,negative,0,0.812001577748387
568923827788505088,@SouthwestAir here we go again. Delayed in Chicago why offer the 630 flight if you never intend to fly it,delays,Timeliness and schedule issues,negative,0,0.812001577748387
568800389903962112,@united haha and you have to clean a plane that was held overnight in a hangar. Sounds lovely. Also don't lie on screensand say it's weather,flight_experience,Overall flight experience,negative,0,0.8703949033654415
569336402401472512,@united Wife and I have two new destinations and I'm stuck in DC until Monday with no bags,baggage,Baggage handling,negative,0,0.9353316959190862
569704164743376896,"@AmericanAir Yes, but should be able to get a push notification via the app if I’m logged in and on a trip. Email/text is so 2010 😥.",booking,Booking and check-in process,negative,0,0.8829544733363891
569704164743376896,"@AmericanAir Yes, but should be able to get a push notification via the app if I’m logged in and on a trip. Email/text is so 2010 😥.",flight_experience,Overall flight experience,negative,0,0.8829544733363891
569951879825907713,@SouthwestAir Your Terry is our hero! Got my husband back thru security to retrieve cellphone left on plane in Austin. Terry #85832 U Rock!,flight_experience,Overall flight experience,positive,2,0.8929587417075023
569706873525391360,.@AmericanAir Flight 654 Delayed / Flight 409 You sold my seat / flight 0671 strand me in PHX for three hours. Thanks for the memories 😡😤😖😲😩,delays,Timeliness and schedule issues,negative,0,0.9341412207732052
569706873525391360,.@AmericanAir Flight 654 Delayed / Flight 409 You sold my seat / flight 0671 strand me in PHX for three hours. Thanks for the memories 😡😤😖😲😩,flight_experience,Overall flight experience,negative,0,0.9341412207732052
569706873525391360,.@AmericanAir Flight 654 Delayed / Flight 409 You sold my seat / flight 0671 strand me in PHX for three hours. Thanks for the memories 😡😤😖😲😩,comfort,Physical comfort during flight,negative,0,0.9341412207732052
569623961224351744,@AmericanAir your message was delayed I just responded,delays,Timeliness and schedule issues,neutral,1,0.6033015819562296
568056050877919232,@SouthwestAir This experience was the worse flying experience I've ever had. To be met w/ contempt from your Customer Service makes it worse,service,Staff and customer service quality,negative,0,0.8822862326277202
568056050877919232,@SouthwestAir This experience was the worse flying experience I've ever had. To be met w/ contempt from your Customer Service makes it worse,flight_experience,Overall flight experience,negative,0,0.8822862326277202
569615736387325952,@SouthwestAir baggage delivery at BWI very delayed and unnecessarily chaotic. Disappointing after a long trip! From a frequent traveler,flight_experience,Overall flight experience,negative,0,0.9285823596083445
569615736387325952,@SouthwestAir baggage delivery at BWI very delayed and unnecessarily chaotic. Disappointing after a long trip! From a frequent traveler,baggage,Baggage handling,negative,0,0.9285823596083445
569615736387325952,@SouthwestAir baggage delivery at BWI very delayed and unnecessarily chaotic. Disappointing after a long trip! From a frequent traveler,delays,Timeliness and schedule issues,negative,0,0.9285823596083445
569086048388538368,@SouthwestAir Any plans to implement a call-back system on your reFlight Booking Problems line? Been on hold for over an hour now...,booking,Booking and check-in process,negative,0,0.9800224736962349
569595245945597952,@united trying to check in for tomorrow's flight. website keeps timing out. what's up?,booking,Booking and check-in process,negative,0,0.9518982193141269
569595245945597952,@united trying to check in for tomorrow's flight. website keeps timing out. what's up?,flight_experience,Overall flight experience,negative,0,0.9518982193141269
568793043664560128,@united 2nd time in a row  I've been over charged by 100's of $$ on my plane ticket WHY? #united I shouldn't have to check my CC everytime,flight_experience,Overall flight experience,negative,0,0.9324802674070815
568859651980156928,Includes @KCIAirport “@SouthwestAir: Inclement weather may impact scheduled service in. ReFlight Booking Problems options available: http://t.co/KeyrpFlHil”,service,Staff and customer service quality,negative,0,0.9313190263896146
568859651980156928,Includes @KCIAirport “@SouthwestAir: Inclement weather may impact scheduled service in. ReFlight Booking Problems options available: http://t.co/KeyrpFlHil”,booking,Booking and check-in process,negative,0,0.9313190263896146
569596034059358208,"@USAirways @ClaudOakeshott don't need this link, after getting a person u now say u don't know where bags are. Lost on a nonstop phx to jfk.",baggage,Baggage handling,negative,0,0.9073122949915667
569760118591467520,@AmericanAir I would like to be reimbursed for my shuttle from Denver after #1080 diversion 6+ hours sitting in plane and mech problems,flight_experience,Overall flight experience,negative,0,0.9480573240036237
569893064342437888,@AmericanAir Thanks for the response.Tough night for all involved. Our flight got Cancelled Flightled as we started taxiing down the runway.,delays,Timeliness and schedule issues,negative,0,0.8648173734954991
569893064342437888,@AmericanAir Thanks for the response.Tough night for all involved. Our flight got Cancelled Flightled as we started taxiing down the runway.,flight_experience,Overall flight experience,negative,0,0.8648173734954991
570252666439385088,@United. What's going on with UA 236?  outbound flight last thurs was delayed 4hrs How long will this delay be? #worst2unitedflightsever,delays,Timeliness and schedule issues,negative,0,0.9535823188066427
570252666439385088,@United. What's going on with UA 236?  outbound flight last thurs was delayed 4hrs How long will this delay be? #worst2unitedflightsever,flight_experience,Overall flight experience,negative,0,0.9535823188066427
570115243747074048,@united I would like to know what's going on before his current flight lands.,flight_experience,Overall flight experience,neutral,1,0.8463223706209788
569715908664430593,@AmericanAir flights out of Dallas on Tuesday are not going to be Cancelled Flightled correct?,delays,Timeliness and schedule issues,neutral,1,0.8458689130282693
569621527911485440,@AmericanAir your service is horrible. I can't get a straight answer from your ground agents.,service,Staff and customer service quality,negative,0,0.9638344357319545
569894449620369408,@VirginAmerica is anyone doing anything there today?  Website is useless and no one is answering the phone.,booking,Booking and check-in process,negative,0,0.9507515273969351
568895061284364288,"Is it insulting that @USAirways @AmericanAir offer a ""non required $50 voucher as a goodwill offering..At least my bag can fly round trip",baggage,Baggage handling,negative,0,0.6608710208068265
568895061284364288,"Is it insulting that @USAirways @AmericanAir offer a ""non required $50 voucher as a goodwill offering..At least my bag can fly round trip",flight_experience,Overall flight experience,negative,0,0.6608710208068265
569897573294743552,@USAirways FYI your customer service rep Carol is an absolute delight. So pleasant to with with and rebooked me in lightning speed! Thanks!,service,Staff and customer service quality,positive,2,0.9095877796286445
568605539866976256,@USAirways We're having 2 grandbabies in 2 weeks -- will travel to DC for the births. Thank you for the reasonable fares!  See you Saturday!,flight_experience,Overall flight experience,positive,2,0.8957535204725979
568893623099654144,@united Bag MIA since Wednesday. Still no word where it is or if we'll ever see it again. #lostluggage #frustrated,baggage,Baggage handling,negative,0,0.9404756358970575
570051834188075008,"@AmericanAir thanks.  I actually made it, my connection flight was delayed.  Guess all delays are not a bad thing. http://t.co/XGgCNTco8m",delays,Timeliness and schedule issues,positive,2,0.6297938933541087
570051834188075008,"@AmericanAir thanks.  I actually made it, my connection flight was delayed.  Guess all delays are not a bad thing. http://t.co/XGgCNTco8m",flight_experience,Overall flight experience,positive,2,0.6297938933541087
569608870429114368,@united stuck in YYZ because staff took a break? Not happy 1K....,service,Staff and customer service quality,negative,0,0.8867330229330661
569578942543372288,@united I am appalled at your lack of communication during our awful journey on 2/21 EWR to BOS. 4 hr delays need to be explained better.,flight_experience,Overall flight experience,negative,0,0.9635815678378528
569479822226952192,"@USAirways my flight got Cancelled Flightled to Charlotte. Been on hold for an hour, pls pick up!",delays,Timeliness and schedule issues,negative,0,0.9639819100882022
569479822226952192,"@USAirways my flight got Cancelled Flightled to Charlotte. Been on hold for an hour, pls pick up!",flight_experience,Overall flight experience,negative,0,0.9639819100882022
569678975049588737,@united please tell CLT flight 4232 needs a gate. Waiting now for 15 mins.,delays,Timeliness and schedule issues,negative,0,0.9121572138150256
569678975049588737,@united please tell CLT flight 4232 needs a gate. Waiting now for 15 mins.,flight_experience,Overall flight experience,negative,0,0.9121572138150256
567742912579272704,"@USAirways it's not a consolation because my bags are somewhere else, which is a real impediment to me going on a different vacation",baggage,Baggage handling,negative,0,0.971484953275259
567864523585118208,"@USAirways delayed my flight 3 times before Cancelled Flighting it, had angry and rude workers, and are now providing no helpful service at all",flight_experience,Overall flight experience,negative,0,0.9721975041089714
567864523585118208,"@USAirways delayed my flight 3 times before Cancelled Flighting it, had angry and rude workers, and are now providing no helpful service at all",service,Staff and customer service quality,negative,0,0.9721975041089714
567864523585118208,"@USAirways delayed my flight 3 times before Cancelled Flighting it, had angry and rude workers, and are now providing no helpful service at all",delays,Timeliness and schedule issues,negative,0,0.9721975041089714
569589643487928321,@AmericanAir Flight 236 was great. Fantastic cabin crew. A+ landing. #thankyou #JFK http://t.co/dRW08djHAI,service,Staff and customer service quality,positive,2,0.8916635899212647
569589643487928321,@AmericanAir Flight 236 was great. Fantastic cabin crew. A+ landing. #thankyou #JFK http://t.co/dRW08djHAI,flight_experience,Overall flight experience,positive,2,0.8916635899212647
568257389402710016,@united ok thanks! Where are you counters located? And how Late Flight are they open?,flight_experience,Overall flight experience,neutral,1,0.7773014022271134
568257389402710016,@united ok thanks! Where are you counters located? And how Late Flight are they open?,delays,Timeliness and schedule issues,neutral,1,0.7773014022271134
569687262444720128,@USAirways - I wouldn't need to wait on hold for 6+ hours if your website worked correctly - please respond!,booking,Booking and check-in process,negative,0,0.9827082026937997
569687262444720128,@USAirways - I wouldn't need to wait on hold for 6+ hours if your website worked correctly - please respond!,delays,Timeliness and schedule issues,negative,0,0.9827082026937997
570231192102019072,"@AmericanAir once again flying AA4285, once again 60+ min delay because of mechanical issues. Perhaps you should consider maintenance?",delays,Timeliness and schedule issues,negative,0,0.9458781667151174
568989687353729024,"@united Brian at SFO customer service deserves a raise, gave me extra meal voucher and a good joke to cheer me up after flight delay. #FTW",delays,Timeliness and schedule issues,positive,2,0.912575436348713
568989687353729024,"@united Brian at SFO customer service deserves a raise, gave me extra meal voucher and a good joke to cheer me up after flight delay. #FTW",service,Staff and customer service quality,positive,2,0.912575436348713
568989687353729024,"@united Brian at SFO customer service deserves a raise, gave me extra meal voucher and a good joke to cheer me up after flight delay. #FTW",food,Food and beverage service,positive,2,0.912575436348713
568989687353729024,"@united Brian at SFO customer service deserves a raise, gave me extra meal voucher and a good joke to cheer me up after flight delay. #FTW",flight_experience,Overall flight experience,positive,2,0.912575436348713
569346451526041600,@SouthwestAir The pilots&amp; crew on flt 3999 and customer service professionals at baggage claim are OUTSTANDING!! Thank you!!,baggage,Baggage handling,positive,2,0.9108088117630343
569346451526041600,@SouthwestAir The pilots&amp; crew on flt 3999 and customer service professionals at baggage claim are OUTSTANDING!! Thank you!!,service,Staff and customer service quality,positive,2,0.9108088117630343
569024126641311744,@united - after having to now TAG MY OWN bags at the airport I was hoping they would actually arrive WITH me - here's hoping they arrive,baggage,Baggage handling,negative,0,0.8734292511206068
569890600474021889,@JetBlue I'll read this over a nice glass of wine right before I dig my heels into my next novel! Maybe travel is just what I need...,flight_experience,Overall flight experience,neutral,1,0.8198190983811628
567751134476259328,@USAirways @AmericanAir what a joke of a company today reminded me why I never book with you,booking,Booking and check-in process,negative,0,0.8618963230512807
568046298080923649,@united I locked myself out of my account and needed access to book a flight.,booking,Booking and check-in process,negative,0,0.8470154399369764
568046298080923649,@united I locked myself out of my account and needed access to book a flight.,flight_experience,Overall flight experience,negative,0,0.8470154399369764
569860677650636801,@AmericanAir why Cancelled Flight #1605 on 6/25 &amp; 6/28? Flights now 4 hrs longer &amp;  have layovers. Too Late Flight to find a reasonably priced alternative.,flight_experience,Overall flight experience,negative,0,0.9611495111417153
569860677650636801,@AmericanAir why Cancelled Flight #1605 on 6/25 &amp; 6/28? Flights now 4 hrs longer &amp;  have layovers. Too Late Flight to find a reasonably priced alternative.,delays,Timeliness and schedule issues,negative,0,0.9611495111417153
569924355011932162,"@united Oh, we are sure it's not planned, but it occurs absolutely consistently, it's usually the only YYJ flight that's Cancelled Flightled daily.",delays,Timeliness and schedule issues,negative,0,0.7957618230464896
569924355011932162,"@united Oh, we are sure it's not planned, but it occurs absolutely consistently, it's usually the only YYJ flight that's Cancelled Flightled daily.",flight_experience,Overall flight experience,negative,0,0.7957618230464896
569543955622338560,@SouthwestAir I have never had such awful customer service and conflicting service. Outrageous.,service,Staff and customer service quality,negative,0,0.982042003044386
569340120790233089,@united I'm rebooked on a flight tomorrow even though I had 1st class seat orig I have a lousy coach seat,flight_experience,Overall flight experience,negative,0,0.8588933691564555
569340120790233089,@united I'm rebooked on a flight tomorrow even though I had 1st class seat orig I have a lousy coach seat,comfort,Physical comfort during flight,negative,0,0.8588933691564555
567804951288901634,"@united here I was thinking how I could say so many nice things after getting upgraded, but then you delayed my flight... It's ok!",flight_experience,Overall flight experience,negative,0,0.893178800763198
567804951288901634,"@united here I was thinking how I could say so many nice things after getting upgraded, but then you delayed my flight... It's ok!",delays,Timeliness and schedule issues,negative,0,0.893178800763198
569710305707601920,"@USAirways flight #703 Philly -&gt; Mia? Bwahahaha! Delayed 5+ hrs, were in the air 30 mins then turned back around. #usairwaysfail",delays,Timeliness and schedule issues,negative,0,0.9735120842968784
569710305707601920,"@USAirways flight #703 Philly -&gt; Mia? Bwahahaha! Delayed 5+ hrs, were in the air 30 mins then turned back around. #usairwaysfail",flight_experience,Overall flight experience,negative,0,0.9735120842968784
567925054853496832,"@united I am flying from msp to dxb, my child will turn 2 during the trip do I have to buy a return ticket for my child?",flight_experience,Overall flight experience,neutral,1,0.541607874549732
569519571314589696,@JetBlue do bags still fly free or have you started charging? thanks!,baggage,Baggage handling,neutral,1,0.6412643925971604
568547007003955200,@united DM sent. Thanks so much for the strong customer service!!,service,Staff and customer service quality,positive,2,0.912412091665939
569802164060557312,@AmericanAir who do I need to talk to to get a full refund on my trip? Your call center offers no assistance.,flight_experience,Overall flight experience,negative,0,0.8608447085311084
568820729879367680,@SouthwestAir 4-4 in horrible customer service. Empty seats in early flight wantcharge me double to get home early instead the usual Late Flight,service,Staff and customer service quality,negative,0,0.9686596341629387
568820729879367680,@SouthwestAir 4-4 in horrible customer service. Empty seats in early flight wantcharge me double to get home early instead the usual Late Flight,delays,Timeliness and schedule issues,negative,0,0.9686596341629387
568820729879367680,@SouthwestAir 4-4 in horrible customer service. Empty seats in early flight wantcharge me double to get home early instead the usual Late Flight,flight_experience,Overall flight experience,negative,0,0.9686596341629387
568820729879367680,@SouthwestAir 4-4 in horrible customer service. Empty seats in early flight wantcharge me double to get home early instead the usual Late Flight,comfort,Physical comfort during flight,negative,0,0.9686596341629387
568929608566837249,@JetBlue Love you guys sooooooo much. Ridiculously appreciated! A+ service!,service,Staff and customer service quality,positive,2,0.9527718665403596
569580180353609729,"@united You cause me to miss my flight telling me it already left when it had not. No empathy from gate staff or crew, no apology. Really?",service,Staff and customer service quality,negative,0,0.9603150250589135
569580180353609729,"@united You cause me to miss my flight telling me it already left when it had not. No empathy from gate staff or crew, no apology. Really?",flight_experience,Overall flight experience,negative,0,0.9603150250589135
570024324666564610,".@AmericanAir No. I watched these bags be abandoned at depart gate. Watched for &gt;40 mins until owner returned, 20+ mins after I reported",baggage,Baggage handling,negative,0,0.9464654932208417
569704220472913920,"@AmericanAir looking for status of flight 1388 schedule for 5:15 am tomorrow morning, thank you",flight_experience,Overall flight experience,neutral,1,0.820705192396199
570110504254857217,@USAirways : You Make the Reservation; We'll Make the Excuses! #usairwaysfail,booking,Booking and check-in process,neutral,1,0.5607634616646364
569949946146742272,@AmericanAir i got a new reservation for tomorrow. Thanks!,booking,Booking and check-in process,positive,2,0.9037363092682003
569386397683073024,@USAirways Are you guys awake? Need help with delayed flight to get protected on Late Flightr flight from PHL.,flight_experience,Overall flight experience,negative,0,0.9503495997770095
569386397683073024,@USAirways Are you guys awake? Need help with delayed flight to get protected on Late Flightr flight from PHL.,delays,Timeliness and schedule issues,negative,0,0.9503495997770095
568521960088449025,@JetBlue I can't. I don't have acces to a phone rn. My iPhone broke. :/ would rather change it now then Late Flightr.,delays,Timeliness and schedule issues,neutral,1,0.5916382568440652
567741700597366784,@United Is Changing Its #MileagePlus Program: Winners and Losers http://t.co/38OTLzAK5d #airline #travel #loyalty #rewards,flight_experience,Overall flight experience,neutral,1,0.8366763653647006
569646613183885312,@AmericanAir my flight has been delayed &amp; I can't talk reach anyone in customer service because of high call volume.,service,Staff and customer service quality,negative,0,0.990543819186665
569646613183885312,@AmericanAir my flight has been delayed &amp; I can't talk reach anyone in customer service because of high call volume.,delays,Timeliness and schedule issues,negative,0,0.990543819186665
569646613183885312,@AmericanAir my flight has been delayed &amp; I can't talk reach anyone in customer service because of high call volume.,flight_experience,Overall flight experience,negative,0,0.990543819186665
569275378331717633,@JetBlue What's your current checked bag price policy?  I fly this coming week and couldn't find anything definitive.,baggage,Baggage handling,neutral,1,0.8403210348909043
569461469042966528,@VirginAmerica at Logan airport and waiting to checkin for my 9am flight. Checkin desk not open !!!!! Why?!,flight_experience,Overall flight experience,negative,0,0.8621342680255144
569461469042966528,@VirginAmerica at Logan airport and waiting to checkin for my 9am flight. Checkin desk not open !!!!! Why?!,booking,Booking and check-in process,negative,0,0.8621342680255144
569461469042966528,@VirginAmerica at Logan airport and waiting to checkin for my 9am flight. Checkin desk not open !!!!! Why?!,delays,Timeliness and schedule issues,negative,0,0.8621342680255144
569345132866220032,"@USAirways help! Flight Cancelled Flighted, can't call because my phone doesn't work in Europe. Please help? Says I'm booked want to confirm.",delays,Timeliness and schedule issues,negative,0,0.9533319253171223
569345132866220032,"@USAirways help! Flight Cancelled Flighted, can't call because my phone doesn't work in Europe. Please help? Says I'm booked want to confirm.",flight_experience,Overall flight experience,negative,0,0.9533319253171223
570101817041747968,@united plus what about food? And taxis?,food,Food and beverage service,negative,0,0.6719613822045601
568054687993352192,"@SouthwestAir Secondly, we did not begin boarding on time despite our aircraft being present and deplaned. Thus we left over 30 min Late Flight",delays,Timeliness and schedule issues,negative,0,0.898851122709745
568054687993352192,"@SouthwestAir Secondly, we did not begin boarding on time despite our aircraft being present and deplaned. Thus we left over 30 min Late Flight",flight_experience,Overall flight experience,negative,0,0.898851122709745
567811913586876417,@united calling that number was useless. Heading to the airport now to pick up my bags. this whole situation seems like a real joke.,baggage,Baggage handling,negative,0,0.9368856587297212
570254579578720256,"@AmericanAir if i want to change my flight due to weather conditions in Dallas this weekend, i should be able to cover change fee with miles",flight_experience,Overall flight experience,neutral,1,0.5793926168704994
568034773156933632,"@southwestair Hi, how do I add a flight to my account? Just created it",flight_experience,Overall flight experience,neutral,1,0.8297715049010627
568891505869344770,@USAirways how about checking the plane before having everyone board the plane? #pissed,flight_experience,Overall flight experience,negative,0,0.9361728825429114
567772565956222976,@JetBlue @KyleJudah new stroller. The travel credit doesn't help cover the cost of a new stroller. Your crew ruined it and therefore should,service,Staff and customer service quality,negative,0,0.8004078968502769
567772565956222976,@JetBlue @KyleJudah new stroller. The travel credit doesn't help cover the cost of a new stroller. Your crew ruined it and therefore should,flight_experience,Overall flight experience,negative,0,0.8004078968502769
570006737190854656,"@AmericanAir every time I try to call, it tells me to try again Late Flightr and just hangs up.",delays,Timeliness and schedule issues,negative,0,0.9391591216987613
570248991704788992,@AmericanAir Airline trouble this winter &amp; not getting good customer service? contact http://t.co/aQjn4HwNaC  we negotiate w/companies forU!,service,Staff and customer service quality,neutral,1,0.6865778202412247
569658503570296832,"@united why doesn't my daughter, booked with my gold member miles, get on the upgrade list for her flight tomorrow?",flight_experience,Overall flight experience,negative,0,0.8043663047565822
569741366642618368,"@united UA flight 1247. SFO to LAX took my carry on at gate. I'm Group 2, overhead bins are empty",flight_experience,Overall flight experience,neutral,1,0.8391842919156586
568229659810209792,@SouthwestAir today you sporadically changed my flight departure 5 times &amp; left two hours Late Flight. Uncharacteristic of u http://t.co/TXhYJ40llG,delays,Timeliness and schedule issues,negative,0,0.9435077097932415
568229659810209792,@SouthwestAir today you sporadically changed my flight departure 5 times &amp; left two hours Late Flight. Uncharacteristic of u http://t.co/TXhYJ40llG,flight_experience,Overall flight experience,negative,0,0.9435077097932415
569626787875053568,@AmericanAir @dfwairport  Have been trying to get canx flight resched since noon.  got 2 call backs but call disconnects as soon as I answer,flight_experience,Overall flight experience,negative,0,0.9012383272171769
569606374591746050,@AmericanAir since we are leaving tomorrow to miami can you do one thing right and deliver the bags to the airport?,baggage,Baggage handling,negative,0,0.6390935054018979
567822848878968832,"@united wanted to, but you Cancelled Flightled my tickets.... They were too special i guess even for united.",delays,Timeliness and schedule issues,negative,0,0.9391641183771672
568828240502128640,@united trying to reach him for the number. At last they have him on standbye and gave him 1 meal voucher for a potential 2 day standbye!,food,Food and beverage service,negative,0,0.9344538051029446
568550060461408257,"@USAirways flight 500 out of Seattle has 10,000lbs too much fuel and no water for the lavoratories. Nice job guys - est 40min behind now",flight_experience,Overall flight experience,negative,0,0.6418971919227994
570228063625207808,@AmericanAir does it show that we are on the same plane?,flight_experience,Overall flight experience,neutral,1,0.7948065423971784
569620944160886784,@united thanks for causing us to miss our connection and now a 6hour delay #flydeltanexttime,delays,Timeliness and schedule issues,negative,0,0.6717751606409662
569262702301876224,@USAirways @AmericanAir Flight SF to NYC only made it to Philly. Ur customer service is telling me no refund for the last leg? #offensive,service,Staff and customer service quality,negative,0,0.9330594289223024
569262702301876224,@USAirways @AmericanAir Flight SF to NYC only made it to Philly. Ur customer service is telling me no refund for the last leg? #offensive,flight_experience,Overall flight experience,negative,0,0.9330594289223024
569399153253429248,"@USAirways this is ridiculous.  I have a 6:00 AM flight and two hours of rest, wasted!!!",flight_experience,Overall flight experience,negative,0,0.9501344669091728
569630593924911104,@AmericanAir I changed my own flight to tonight. Why couldn't AA do that on my behalf instead of a flight tomorrow? Poor effort all around.,flight_experience,Overall flight experience,negative,0,0.8009640267814416
569608866138173440,@United Personal Device Entertainment system is great but with app crashing every 10/15 mins I'm glad it's free for now.,booking,Booking and check-in process,negative,0,0.687338910626686
569330414193483776,@SouthwestAir male flight attendant on flight 3913 from Orlando to Indy was AMAZING! He needs a raise 👍 Had the best experience with him,service,Staff and customer service quality,positive,2,0.9033274201011774
569330414193483776,@SouthwestAir male flight attendant on flight 3913 from Orlando to Indy was AMAZING! He needs a raise 👍 Had the best experience with him,flight_experience,Overall flight experience,positive,2,0.9033274201011774
570229813937463299,@JetBlue thanks to you customers like me stay loyal. From check in to landing.,booking,Booking and check-in process,positive,2,0.8972259493431609
569716449704587265,"@USAirways now has stranded is in #Miami without updating any of the departure boards, and once they Cancelled Flightled the flight there was no...",flight_experience,Overall flight experience,negative,0,0.9525483120476201
569716449704587265,"@USAirways now has stranded is in #Miami without updating any of the departure boards, and once they Cancelled Flightled the flight there was no...",delays,Timeliness and schedule issues,negative,0,0.9525483120476201
569641615721140224,“@united: @rikrik__ What made you come to this? Can we help you with anything? ^JP” the service just hasn't been great.,service,Staff and customer service quality,positive,2,0.514804607307856
569884071758835712,@USAirways thanks for Cancelled Flighting flight 5097 today. Now missing required training. Not a happy customer.,flight_experience,Overall flight experience,negative,0,0.9060389808834517
569884071758835712,@USAirways thanks for Cancelled Flighting flight 5097 today. Now missing required training. Not a happy customer.,baggage,Baggage handling,negative,0,0.9060389808834517
569884071758835712,@USAirways thanks for Cancelled Flighting flight 5097 today. Now missing required training. Not a happy customer.,delays,Timeliness and schedule issues,negative,0,0.9060389808834517
569533663211356161,@USAirways now you don't know where my luggage is?  Seriously?,baggage,Baggage handling,negative,0,0.9361665327957283
568984515298922496,"@united you should change your name to United Incompetence. No flight until Monday, have to take a 7 hour drive now to get to my flight!",flight_experience,Overall flight experience,negative,0,0.9489752469917346
569877431227686912,@JetBlue  any effort to fix your points system? 11 days and a call to customer service and still no account update. Chasing points is no fun,service,Staff and customer service quality,negative,0,0.9365518943107197
568269181394817024,@united Trying to change a flight booked just 6 hours ago but online system is charging me $200 fee per passenger... could you please help?,flight_experience,Overall flight experience,negative,0,0.9602941714387174
569643671198572544,@united thanks for updating me about the 1+ hour delay the exact second I got to ATL. 🙅🙅🙅,delays,Timeliness and schedule issues,negative,0,0.7210052876454912
569257033972604929,"@united, no, your service here pretty much ruined my day, but thanks for the weak attempt",service,Staff and customer service quality,negative,0,0.684472487782696
569632550873915392,@united We waited 40 min for our bags after a 45 min flight #nomorecheckedbags,baggage,Baggage handling,negative,0,0.9334270243427621
569632550873915392,@united We waited 40 min for our bags after a 45 min flight #nomorecheckedbags,flight_experience,Overall flight experience,negative,0,0.9334270243427621
570282333892251648,@SouthwestAir tv stream means I get to spend my flight watching 1999 and 2011 Women's World Cup Finals. #throwback #bestflightever,flight_experience,Overall flight experience,positive,2,0.8851390874560165
569886919833874432,"@USAirways Customer service is dead. Last wk, flts delayed/Cancelled Flighted. Bags lost 4 days. Last nt, flt delayed/Cancelled Flighted.  No meal voucher?",baggage,Baggage handling,negative,0,0.9938415573154273
569886919833874432,"@USAirways Customer service is dead. Last wk, flts delayed/Cancelled Flighted. Bags lost 4 days. Last nt, flt delayed/Cancelled Flighted.  No meal voucher?",service,Staff and customer service quality,negative,0,0.9938415573154273
569886919833874432,"@USAirways Customer service is dead. Last wk, flts delayed/Cancelled Flighted. Bags lost 4 days. Last nt, flt delayed/Cancelled Flighted.  No meal voucher?",food,Food and beverage service,negative,0,0.9938415573154273
569886919833874432,"@USAirways Customer service is dead. Last wk, flts delayed/Cancelled Flighted. Bags lost 4 days. Last nt, flt delayed/Cancelled Flighted.  No meal voucher?",delays,Timeliness and schedule issues,negative,0,0.9938415573154273
569667923326971904,@SouthwestAir everyones flights who were Cancelled Flightled today DESERVE 1,delays,Timeliness and schedule issues,negative,0,0.8567845771865114
569660029093203968,"@AmericanAir I made my flight but then still had no update emails when I landed, no info ever sent on that or second flight. Losing my biz.",flight_experience,Overall flight experience,negative,0,0.7569089280767198
569623164143185920,"@AmericanAir 

Late Flight from phoenix, gave ticks away when arrived chicago, held bags hostage chicago, rented van drove to toledo. 5 hr drive.",flight_experience,Overall flight experience,negative,0,0.9355983741696033
569623164143185920,"@AmericanAir 

Late Flight from phoenix, gave ticks away when arrived chicago, held bags hostage chicago, rented van drove to toledo. 5 hr drive.",baggage,Baggage handling,negative,0,0.9355983741696033
569623164143185920,"@AmericanAir 

Late Flight from phoenix, gave ticks away when arrived chicago, held bags hostage chicago, rented van drove to toledo. 5 hr drive.",delays,Timeliness and schedule issues,negative,0,0.9355983741696033
567756837320392705,@united Q: Just purchased ticket to #Hawaii for trip in Late Flight-March. Does this mean we will acquire miles based on price or distance flown?,delays,Timeliness and schedule issues,neutral,1,0.5214358924456686
567756837320392705,@united Q: Just purchased ticket to #Hawaii for trip in Late Flight-March. Does this mean we will acquire miles based on price or distance flown?,flight_experience,Overall flight experience,neutral,1,0.5214358924456686
569322419036356608,@JetBlue I flew on a flight about 3 months ago. Me and my girlfriend got away with having sex in a restroom. Is it allowed now?,flight_experience,Overall flight experience,neutral,1,0.8256747437881291
570095131967295489,"@AmericanAir @BoeingAirplanes I really would love to experience first class on that plane,looks stunning!",flight_experience,Overall flight experience,positive,2,0.9063339718485702
570271730729689088,"@SouthwestAir horrible experience, passenger of size was 1/3 in my seat, offered $50 voucher for this by Christine C http://t.co/1xzrK66wVQ",flight_experience,Overall flight experience,negative,0,0.9657629866108386
570271730729689088,"@SouthwestAir horrible experience, passenger of size was 1/3 in my seat, offered $50 voucher for this by Christine C http://t.co/1xzrK66wVQ",comfort,Physical comfort during flight,negative,0,0.9657629866108386
569247182475407360,@JetBlue we want room and food allowances. Agents are refusing to give us vouchers to use at rooms we book ourselves.,booking,Booking and check-in process,negative,0,0.9253511194186416
569247182475407360,@JetBlue we want room and food allowances. Agents are refusing to give us vouchers to use at rooms we book ourselves.,food,Food and beverage service,negative,0,0.9253511194186416
567782686077747200,@USAirways any updates on flight 5202 from ORF to PHL no one at gate...  ;(,flight_experience,Overall flight experience,negative,0,0.8196505665432254
568517565548339200,"@VirginAmerica
wjere is our luggage #so slow at lax",baggage,Baggage handling,negative,0,0.9382700126428267
568622478081306624,"@USAirways DCA-&gt;HPN, u r prof hostage takers.We stood on bus 2 plane for 25 min,now sitting on plane with no mvmt &amp; 1 announcement 4 &gt; hour!",flight_experience,Overall flight experience,negative,0,0.9491901645725255
569863714704220160,@united flight 433 lets go you look like clowns no one is giving up 1st class for $500,flight_experience,Overall flight experience,neutral,1,0.6113237224049194
569392880911036416,"@USAirways after a grt flight to PHX last week,  tonight was terrible. 2.5 hours taxing and you give us water and crackers to compensate.",flight_experience,Overall flight experience,negative,0,0.9605728705943097
568604311598469121,@JetBlue what's going on with flight 669 and how many free trips will I get from this epic inconvenience @anku http://t.co/pEUc0BMij9,flight_experience,Overall flight experience,negative,0,0.8829069641098216
568833970143698944,@USAirways Saddens me that my first tweet - ever - has to be a complaint about customer service.,service,Staff and customer service quality,negative,0,0.9647686979369455
568166054624669696,@united thanks for not letting me switch flights Bc I had a checked bag then Cancelled Flighting my flight forcing me to take another 3 hrs Late Flightr!,flight_experience,Overall flight experience,negative,0,0.937473414416391
568166054624669696,@united thanks for not letting me switch flights Bc I had a checked bag then Cancelled Flighting my flight forcing me to take another 3 hrs Late Flightr!,baggage,Baggage handling,negative,0,0.937473414416391
568166054624669696,@united thanks for not letting me switch flights Bc I had a checked bag then Cancelled Flighting my flight forcing me to take another 3 hrs Late Flightr!,delays,Timeliness and schedule issues,negative,0,0.937473414416391
570286924277030912,"@united yes please! I am newly married and trying to update my last name on a preexisting international flight! It seems so easy, but...",flight_experience,Overall flight experience,negative,0,0.6246753847656941
570184083692658688,@AmericanAir 3 months of straight travel ahead. Time to find new airline.,flight_experience,Overall flight experience,negative,0,0.7660810678341861
567861901603901440,@USAirways Commitment to excellence is 2b praised. Can get you to the wrong city 2 days Late Flight or the right one 3 days Late Flight. #customerservice,flight_experience,Overall flight experience,negative,0,0.9378250351205014
567861901603901440,@USAirways Commitment to excellence is 2b praised. Can get you to the wrong city 2 days Late Flight or the right one 3 days Late Flight. #customerservice,delays,Timeliness and schedule issues,negative,0,0.9378250351205014
569687374193680384,"@united on #UA3785 tonight and told delayed due to Late Flight crew. No idea where crew coming from, your staff ++unhelpful. Any ideas?",flight_experience,Overall flight experience,negative,0,0.9679049269962433
569687374193680384,"@united on #UA3785 tonight and told delayed due to Late Flight crew. No idea where crew coming from, your staff ++unhelpful. Any ideas?",service,Staff and customer service quality,negative,0,0.9679049269962433
569687374193680384,"@united on #UA3785 tonight and told delayed due to Late Flight crew. No idea where crew coming from, your staff ++unhelpful. Any ideas?",delays,Timeliness and schedule issues,negative,0,0.9679049269962433
568101176551452673,@united missing this wedding because of these delays would not be cool,baggage,Baggage handling,negative,0,0.754592088668956
569958552493793280,@USAirways @CLTDouglas slowest baggage claim ever,baggage,Baggage handling,negative,0,0.9272131423610933
569242876909109248,@SouthwestAir is Flight 3113 OMA&gt;DEN on 2/21 actually Cancelled Flightled? Been on hold for over an hour and your website says conflicting messages,booking,Booking and check-in process,negative,0,0.9858762312870226
569242876909109248,@SouthwestAir is Flight 3113 OMA&gt;DEN on 2/21 actually Cancelled Flightled? Been on hold for over an hour and your website says conflicting messages,delays,Timeliness and schedule issues,negative,0,0.9858762312870226
569242876909109248,@SouthwestAir is Flight 3113 OMA&gt;DEN on 2/21 actually Cancelled Flightled? Been on hold for over an hour and your website says conflicting messages,flight_experience,Overall flight experience,negative,0,0.9858762312870226
569820790905970688,"@USAirways flt 419. 2+ hrs Late Flight, baggage + 1 more hr. Now I see they delivered my suitcase wet inside &amp; out. #NotHappy",flight_experience,Overall flight experience,negative,0,0.9662868981714435
569820790905970688,"@USAirways flt 419. 2+ hrs Late Flight, baggage + 1 more hr. Now I see they delivered my suitcase wet inside &amp; out. #NotHappy",baggage,Baggage handling,negative,0,0.9662868981714435
569820790905970688,"@USAirways flt 419. 2+ hrs Late Flight, baggage + 1 more hr. Now I see they delivered my suitcase wet inside &amp; out. #NotHappy",delays,Timeliness and schedule issues,negative,0,0.9662868981714435
568924781837455360,@JetBlue any news on flight 122 pbi-boston delay? Can we wait to arrive at airport based on reported 1 and 1/2 hour delay?,delays,Timeliness and schedule issues,negative,0,0.9542751672983818
568924781837455360,@JetBlue any news on flight 122 pbi-boston delay? Can we wait to arrive at airport based on reported 1 and 1/2 hour delay?,flight_experience,Overall flight experience,negative,0,0.9542751672983818
568433045805465600,@JetBlue I'm on flight and no booze being served 30 min in... What gives? #lostrevenue #angryandsober #bachelorpartymishap,flight_experience,Overall flight experience,negative,0,0.9407183536250847
569420073707773952,@JetBlue no. Not boarding order. Someone boarded with. Service Animal which a member of my party was allergic to and because the flight was,service,Staff and customer service quality,negative,0,0.6341160794950602
569420073707773952,@JetBlue no. Not boarding order. Someone boarded with. Service Animal which a member of my party was allergic to and because the flight was,flight_experience,Overall flight experience,negative,0,0.6341160794950602
569490688569679872,@USAirways I really appreciate there not being an easy way to get another flight when mine has been delayed over 2hrs for mechanical reasons,delays,Timeliness and schedule issues,negative,0,0.8430189206893995
569490688569679872,@USAirways I really appreciate there not being an easy way to get another flight when mine has been delayed over 2hrs for mechanical reasons,flight_experience,Overall flight experience,negative,0,0.8430189206893995
570223944260849664,@USAirways should give me free baggage for this mess,baggage,Baggage handling,negative,0,0.9316036791691222
568967598794149889,@united what time should I arrive at the airport for my 6:15 am domestic flight out of San Diego?,flight_experience,Overall flight experience,neutral,1,0.8401796265478897
569636885863251969,@AmericanAir @dotnetnate Two hour wait for EXPs as I sit on a JFK PHX flight because US computers are down. Any shot at an LAX flight?,flight_experience,Overall flight experience,negative,0,0.935235298299105
569636885863251969,@AmericanAir @dotnetnate Two hour wait for EXPs as I sit on a JFK PHX flight because US computers are down. Any shot at an LAX flight?,delays,Timeliness and schedule issues,negative,0,0.935235298299105
568839596261249024,@JetBlue Let's just say #IDontWannaLiveWithoutYourLove https://t.co/i9KCgaxxFa #ItWasMintToBe #BestInClassSocial #ThankYou #Travel #Business,flight_experience,Overall flight experience,neutral,1,0.8213845583012797
568597262378655744,@united waiting on plane so long missed my connecting flight it left early. That's the last flight out tonight. HELP http://t.co/hBsJ2sF17h,flight_experience,Overall flight experience,negative,0,0.9425041389484642
568597262378655744,@united waiting on plane so long missed my connecting flight it left early. That's the last flight out tonight. HELP http://t.co/hBsJ2sF17h,delays,Timeliness and schedule issues,negative,0,0.9425041389484642
569708573762023424,"@AmericanAir flight 1388 tomorrow 5:15 am, status please, thanks",flight_experience,Overall flight experience,neutral,1,0.55511812609201
567898499540340736,@united 3 hour delay plus a jetway that won't move. This biz traveler is never flying u again!,delays,Timeliness and schedule issues,negative,0,0.9390347616702321
570059116066017280,@jetblue you just directed me to your mobile website. Where is the direct link? GET IT TOGETHER!,booking,Booking and check-in process,negative,0,0.876865602086173
569586372866150400,@USAirways according to @wtop DCA seems to be recovering nicely from yesterday's snow so why are you Cancelled Flightling flights out there?,delays,Timeliness and schedule issues,negative,0,0.9010829139742208
567828625388609536,@SouthwestAir @poisonpill76 im in same boat.. 8am flight to Jacksonville... Get me out of here!!,flight_experience,Overall flight experience,negative,0,0.8877282451078972
569464902164856832,@Sb5551 Sounds like  @USAirways should have planned better since this weather was no surprise. Completely unacceptable wait times!!!,delays,Timeliness and schedule issues,negative,0,0.9383970883724959
568525820764897280,"@JetBlue no they offered the flight (4/19), I paid, then they changed it.This is the 2nd  time you have done this to me. ruins cruise plans",flight_experience,Overall flight experience,negative,0,0.9509917601419928
568250000028925952,"@united 2 hour flight from FLL to Ewr, 1242, now waiting 1 hour plus for bags, no sign yet. What gives????",baggage,Baggage handling,negative,0,0.9672182912379048
568250000028925952,"@united 2 hour flight from FLL to Ewr, 1242, now waiting 1 hour plus for bags, no sign yet. What gives????",delays,Timeliness and schedule issues,negative,0,0.9672182912379048
568250000028925952,"@united 2 hour flight from FLL to Ewr, 1242, now waiting 1 hour plus for bags, no sign yet. What gives????",flight_experience,Overall flight experience,negative,0,0.9672182912379048
569872921700667392,@AmericanAir at LAX &amp; just got off the phone w/reservations. Every flight that'd get me to BOS before 11 am tmrw is apparently unavailable 😐,flight_experience,Overall flight experience,neutral,1,0.7698045392952307
569746398519955456,@USAirways who's in charge of your company? My wife missed her connection to CA you sent her luggage on another flight,baggage,Baggage handling,negative,0,0.9529384074459724
569746398519955456,@USAirways who's in charge of your company? My wife missed her connection to CA you sent her luggage on another flight,flight_experience,Overall flight experience,negative,0,0.9529384074459724
567860982422306816,"@SouthwestAir Hi! I just saw a Black History month commercial on TV &amp; Im excited! In support of this month,will you all grant me 1 free trip",flight_experience,Overall flight experience,positive,2,0.8907897365104659
569857128988602368,@AmericanAir will you review your systems re notification? The website and telephone systems you have in place are clearly inadequate.,booking,Booking and check-in process,negative,0,0.9384227314808766
569909756493746176,@JetBlue great job getting flight 28 in 10 minutes early. Too bad we're at 50 minutes and counting waiting for our bags.,baggage,Baggage handling,negative,0,0.9572919271780223
569909756493746176,@JetBlue great job getting flight 28 in 10 minutes early. Too bad we're at 50 minutes and counting waiting for our bags.,delays,Timeliness and schedule issues,negative,0,0.9572919271780223
569909756493746176,@JetBlue great job getting flight 28 in 10 minutes early. Too bad we're at 50 minutes and counting waiting for our bags.,flight_experience,Overall flight experience,negative,0,0.9572919271780223
568454321219596289,"@USAirways sorry, I meant flight 4420, which was supposed to depart at 5:00, now says 6:30. What is the issue?",flight_experience,Overall flight experience,negative,0,0.9251651924483819
569584744532287490,@SouthwestAir FIND A WAY TO Cancelled Flight FLIGHT 310!!!!!!!,flight_experience,Overall flight experience,negative,0,0.9282905480310444
569584744532287490,@SouthwestAir FIND A WAY TO Cancelled Flight FLIGHT 310!!!!!!!,delays,Timeliness and schedule issues,negative,0,0.9282905480310444
569638919131627522,"@AmericanAir @NY_NJairports AA1224: 45 mins for Priority bags to arrive, now Late Flight for evening plans! Delta 20 min bag guarantee anyone? :(",flight_experience,Overall flight experience,negative,0,0.9487134933725396
569638919131627522,"@AmericanAir @NY_NJairports AA1224: 45 mins for Priority bags to arrive, now Late Flight for evening plans! Delta 20 min bag guarantee anyone? :(",baggage,Baggage handling,negative,0,0.9487134933725396
569638919131627522,"@AmericanAir @NY_NJairports AA1224: 45 mins for Priority bags to arrive, now Late Flight for evening plans! Delta 20 min bag guarantee anyone? :(",delays,Timeliness and schedule issues,negative,0,0.9487134933725396
570264793140953088,"@SouthwestAir if you're going to charge for wifi, do us all a solid and make sure it doesn't take the length of the flight to open a page",flight_experience,Overall flight experience,negative,0,0.914308608091356
569894640675102722,"@JetBlue  Called JB 3 times!Everytime, Auto Vmsg:""your wait time should not be longer than 9 mins"" waited longer than 18 mins and no answer!",delays,Timeliness and schedule issues,negative,0,0.9718319273019487
568516490405679104,"@united @perfectomobile I have to admit that not only the app is good but have lots of useful func (such the ""live"" seat map). Congrats",booking,Booking and check-in process,positive,2,0.9007472020510398
568516490405679104,"@united @perfectomobile I have to admit that not only the app is good but have lots of useful func (such the ""live"" seat map). Congrats",comfort,Physical comfort during flight,positive,2,0.9007472020510398
569646184005894144,@JetBlue how about free wifi on flt 1254 out of PBI to make up for 2.5 hr delay? Treat us right.,delays,Timeliness and schedule issues,negative,0,0.882459092082744
568821261767303168,@united I'm rebooked. Getting home 4 hours Late Flightr then planned. What are the chances I'll ever see my bag again? #unhappytraveler,baggage,Baggage handling,negative,0,0.9766896356016177
568821261767303168,@united I'm rebooked. Getting home 4 hours Late Flightr then planned. What are the chances I'll ever see my bag again? #unhappytraveler,delays,Timeliness and schedule issues,negative,0,0.9766896356016177
570269633778855936,@AmericanAir so you fail again flight to rdu sitting waiting on flight attendants. your logistics are not good,delays,Timeliness and schedule issues,negative,0,0.8949974321471639
570269633778855936,@AmericanAir so you fail again flight to rdu sitting waiting on flight attendants. your logistics are not good,flight_experience,Overall flight experience,negative,0,0.8949974321471639
568076483664568320,@USAirways flight is delayed 5 hours. No reason given. Sure love flying with your airline. #whatajoke,delays,Timeliness and schedule issues,negative,0,0.953555224029984
568076483664568320,@USAirways flight is delayed 5 hours. No reason given. Sure love flying with your airline. #whatajoke,flight_experience,Overall flight experience,negative,0,0.953555224029984
569217012980805632,@SouthwestAir Any way that I can get a receipt for a Cancelled Flightled portion of a roundtrip flight? Used the flight voucher just need receipt.,flight_experience,Overall flight experience,neutral,1,0.8395172102011614
569217012980805632,@SouthwestAir Any way that I can get a receipt for a Cancelled Flightled portion of a roundtrip flight? Used the flight voucher just need receipt.,delays,Timeliness and schedule issues,neutral,1,0.8395172102011614
568157049344937984,@united I had to change airports to actually get a flight out when my flight from FAY was Cancelled Flightled twice. $180 taxi ride to RDU--reimburse?,delays,Timeliness and schedule issues,negative,0,0.9191766869030289
568157049344937984,@united I had to change airports to actually get a flight out when my flight from FAY was Cancelled Flightled twice. $180 taxi ride to RDU--reimburse?,flight_experience,Overall flight experience,negative,0,0.9191766869030289
570300325917270018,@USAirways I cant get anyone on the phone to help with award travel.Purchased extra miles and 10 minutes Late Flightr the miles needed was raised.,delays,Timeliness and schedule issues,negative,0,0.9554015869139025
570300325917270018,@USAirways I cant get anyone on the phone to help with award travel.Purchased extra miles and 10 minutes Late Flightr the miles needed was raised.,flight_experience,Overall flight experience,negative,0,0.9554015869139025
570249204767055872,@USAirways So frustrating because I still have not gotten them back. Why my bag was sent to NY is a mystery!  Shame on me this time!,baggage,Baggage handling,negative,0,0.9579684147253499
568443923485437952,@united #OrthoDoc on-call to in-flight! Glad to have been of service!,service,Staff and customer service quality,positive,2,0.9087896242503422
568443923485437952,@united #OrthoDoc on-call to in-flight! Glad to have been of service!,flight_experience,Overall flight experience,positive,2,0.9087896242503422
569339717990400000,@JetBlue flight 790 you had us stuck on the plane for nearly 4 hrs. Set to take off only for flight control to deny us. THE WORST SERVICE,service,Staff and customer service quality,negative,0,0.9866853776507037
569339717990400000,@JetBlue flight 790 you had us stuck on the plane for nearly 4 hrs. Set to take off only for flight control to deny us. THE WORST SERVICE,flight_experience,Overall flight experience,negative,0,0.9866853776507037
568743141861228544,@JetBlue Has D.C. Thinking About Summer With New Nantucket Service - Broadway World http://t.co/dS22ceeEnj,service,Staff and customer service quality,neutral,1,0.8201442342623411
570022715072983041,@united FAIL You Cancelled Flightled our flight frm GJT and then used our reserv home to IAH (from SEA) for reFlight Booking Problems w/out OUR PERMISSION!! #PH6RPS,flight_experience,Overall flight experience,negative,0,0.9482813499139106
570022715072983041,@united FAIL You Cancelled Flightled our flight frm GJT and then used our reserv home to IAH (from SEA) for reFlight Booking Problems w/out OUR PERMISSION!! #PH6RPS,booking,Booking and check-in process,negative,0,0.9482813499139106
570022715072983041,@united FAIL You Cancelled Flightled our flight frm GJT and then used our reserv home to IAH (from SEA) for reFlight Booking Problems w/out OUR PERMISSION!! #PH6RPS,delays,Timeliness and schedule issues,negative,0,0.9482813499139106
567812369902133248,@USAirways @AmericanAir Your staff members are looking at me like I have two heads. Check your own websites!!! http://t.co/8Hh0c63TIe,service,Staff and customer service quality,negative,0,0.8369427739234552
569866461172387841,@USAirways @AmericanAir on hold for 8 hours yesterday w/o speaking to an agent on hold again w/ 2 phones ~30 mins let the bashing begin...,service,Staff and customer service quality,negative,0,0.994016849885133
568100858954522625,@united Designed to deter people from forgetting things or to provide more storage space? The article says the latter #unfriendlyskies,comfort,Physical comfort during flight,negative,0,0.918567706880798
568581984055906304,@southwestair I have a roundtrip ticket now and I need to change one leg of the trip (to a nearby airport) - not possible via website?,booking,Booking and check-in process,neutral,1,0.8568096726175326
568581984055906304,@southwestair I have a roundtrip ticket now and I need to change one leg of the trip (to a nearby airport) - not possible via website?,flight_experience,Overall flight experience,neutral,1,0.8568096726175326
570108801711341568,@united Outbound 2 bags 70 lbs bags Returning home 1 bag 50 lbs. What is your logic? And WHY? Am I writing to a Machine? Human HELP required,baggage,Baggage handling,negative,0,0.9491030223302891
569086687336222720,@united I do I was on UA 495 LAX TO DEN - we are scheduled to land LAX @ 7:38 am - please rebook to Denver - best flight,flight_experience,Overall flight experience,neutral,1,0.4964051646260471
568825463918833664,@united I have those notifications yet the staff on board say that is not accurate and they have no departure time.,service,Staff and customer service quality,negative,0,0.9028606727393887
568509134276050945,@united thats because you didnt read my entire tweet. Wife's 12pm flight is now delayed to 6:30.  Thats 3 6+ hour flight delays in 2 weeks,delays,Timeliness and schedule issues,negative,0,0.9805842299234003
568509134276050945,@united thats because you didnt read my entire tweet. Wife's 12pm flight is now delayed to 6:30.  Thats 3 6+ hour flight delays in 2 weeks,flight_experience,Overall flight experience,negative,0,0.9805842299234003
568606238428270594,"@USAirways ruined our honeymoon by causing us to miss our international flight, and now we are stranded.",flight_experience,Overall flight experience,negative,0,0.9221780162688269
569597711789502464,"@USAirways suggest you failures make a HUGE donation to @the_USO  Charlotte, NC as THEY provided GREAT customer service today, unlike you.",service,Staff and customer service quality,positive,2,0.6801954628205072
569599978722746368,@AmericanAir @ActingOutMgmnt Just make sure they remember to load the bags onto the plane. They Cancelled Flight the flight when they forget...,baggage,Baggage handling,negative,0,0.9352595976156938
569599978722746368,@AmericanAir @ActingOutMgmnt Just make sure they remember to load the bags onto the plane. They Cancelled Flight the flight when they forget...,delays,Timeliness and schedule issues,negative,0,0.9352595976156938
569599978722746368,@AmericanAir @ActingOutMgmnt Just make sure they remember to load the bags onto the plane. They Cancelled Flight the flight when they forget...,flight_experience,Overall flight experience,negative,0,0.9352595976156938
568095662262358016,@united this is me and my partners first trip to #NYC I bought the tickets at the same time Please seat us next to each other ConF# ILC0HP,flight_experience,Overall flight experience,neutral,1,0.5273708620903412
568095662262358016,@united this is me and my partners first trip to #NYC I bought the tickets at the same time Please seat us next to each other ConF# ILC0HP,comfort,Physical comfort during flight,neutral,1,0.5273708620903412
569915992303730689,@united been on the phone for over an hour with customer service and they can't figure it out! awesome service... NOT!,service,Staff and customer service quality,negative,0,0.9578417704749115
567761193138671616,@USAirways Flight Booking Problems a flight using credit from a previously Cancelled Flightled flight. Can't get thru on the phone and can't book online. Help please.,delays,Timeliness and schedule issues,negative,0,0.9463863188174849
567761193138671616,@USAirways Flight Booking Problems a flight using credit from a previously Cancelled Flightled flight. Can't get thru on the phone and can't book online. Help please.,booking,Booking and check-in process,negative,0,0.9463863188174849
567761193138671616,@USAirways Flight Booking Problems a flight using credit from a previously Cancelled Flightled flight. Can't get thru on the phone and can't book online. Help please.,flight_experience,Overall flight experience,negative,0,0.9463863188174849
569567252363812864,@USAirways your service in Philly is unacceptable. Look into better service✌️ a 16 yr old shouldnt have a hard time http://t.co/WDAKTmr7Mj,service,Staff and customer service quality,negative,0,0.9384748624360649
567823510245236739,@united we showed up to our flight several hours early. Tried to call &amp; was on hold 15 min b/f call disconnected.,flight_experience,Overall flight experience,negative,0,0.9685927613490741
567844852135645186,"@united Some 3rd party service known as EZEE flights. A man, who confirmed he was born in India, told me his name was Steve Wilson.",service,Staff and customer service quality,negative,0,0.8313992811674686
568241156347305984,"@JetBlue btw, her name was Samantha and she won over everyone on the flight",flight_experience,Overall flight experience,neutral,1,0.6790031794711854
570087510941962241,@americanair flight veers off icy runway at @dfwairport. Most DFW flights Cancelled Flighted Mon http://t.co/Q37pOWn6uv @Cowboycerrone figures right?,delays,Timeliness and schedule issues,negative,0,0.8416480046681852
570087510941962241,@americanair flight veers off icy runway at @dfwairport. Most DFW flights Cancelled Flighted Mon http://t.co/Q37pOWn6uv @Cowboycerrone figures right?,flight_experience,Overall flight experience,negative,0,0.8416480046681852
568981498046623744,@SouthwestAir Do you still offer discounts on seats for children under 2? We would rather put him in a seat than in a lap!,comfort,Physical comfort during flight,neutral,1,0.8399705294653307
569880322487263232,@united Late Flight crew into #btv last nite delayed todays flt. Will miss connection to #cun. Why do I have to play for hotel tonight in #ewr?,flight_experience,Overall flight experience,negative,0,0.9729039305282449
569880322487263232,@united Late Flight crew into #btv last nite delayed todays flt. Will miss connection to #cun. Why do I have to play for hotel tonight in #ewr?,service,Staff and customer service quality,negative,0,0.9729039305282449
569880322487263232,@united Late Flight crew into #btv last nite delayed todays flt. Will miss connection to #cun. Why do I have to play for hotel tonight in #ewr?,delays,Timeliness and schedule issues,negative,0,0.9729039305282449
569260189486063616,@JetBlue status of flight 684 from MCO to LGA tomorrow?,flight_experience,Overall flight experience,neutral,1,0.7549313591636274
567772012735922176,@JetBlue @KyleJudah I just spoke to the baggage claim center and they gave me travel credit but will not be responsible for the cost of a,baggage,Baggage handling,negative,0,0.8372296753565798
567772012735922176,@JetBlue @KyleJudah I just spoke to the baggage claim center and they gave me travel credit but will not be responsible for the cost of a,flight_experience,Overall flight experience,negative,0,0.8372296753565798
569975778953142272,@AmericanAir Another customer non service from you. If we waited for you to solve the problem we would miss the funeral. You suck!,service,Staff and customer service quality,negative,0,0.9700737696381636
569499788934291456,@SouthwestAir I start a new job tomorrow &amp; you Cancelled Flight my flight (1629 BWI-LAX) and you really can't get me on another flight today ?!,flight_experience,Overall flight experience,negative,0,0.6488304056029298
569499788934291456,@SouthwestAir I start a new job tomorrow &amp; you Cancelled Flight my flight (1629 BWI-LAX) and you really can't get me on another flight today ?!,delays,Timeliness and schedule issues,negative,0,0.6488304056029298
569249493264289793,@united this flight has been amazing. This is the best flight I have ever been on I am not kidding. Service is INCREDIBLE!,service,Staff and customer service quality,positive,2,0.9418942319021998
569249493264289793,@united this flight has been amazing. This is the best flight I have ever been on I am not kidding. Service is INCREDIBLE!,flight_experience,Overall flight experience,positive,2,0.9418942319021998
568594646168948736,@USAirways thank you for continuing to be the worst airline out. Didn't need that extra hour of sleep after 29 hours of travel anyway,flight_experience,Overall flight experience,negative,0,0.9460919043673504
568885556718907392,@united yes! I'll be sending an email to customer service today.,service,Staff and customer service quality,neutral,1,0.5952053031010929
569906117100351493,"@AmericanAir So much for Status, EP and 1.5 million miles.  Revenue First class ticket and Im sitting in Coach thanks your rude CS staff",service,Staff and customer service quality,negative,0,0.8476299815298997
568976619089620992,@united I'm try to upgrade my seats to first class but the wait time on the phone is 40 minutes... can you help?,delays,Timeliness and schedule issues,negative,0,0.8524877364873741
568976619089620992,@united I'm try to upgrade my seats to first class but the wait time on the phone is 40 minutes... can you help?,comfort,Physical comfort during flight,negative,0,0.8524877364873741
569143915405651968,@USAirways so disappointed. Least you could do is give us access to admirals club for an hour before our flight to our wedding!,flight_experience,Overall flight experience,negative,0,0.9472495345372169
568618050745864192,@SouthwestAir Another delay. Wow,delays,Timeliness and schedule issues,negative,0,0.9129076836939678
568853588858023936,@JetBlue what is the reason for the delay,delays,Timeliness and schedule issues,negative,0,0.9711835172614224
569641676244791296,@AmericanAir why don't you have driver service to get employees to work in bad weather like hospitals etc #badmgmt #AmericanAirlines,service,Staff and customer service quality,negative,0,0.932368465229891
568911851674836992,"@JetBlue looks like their inflatable car seats got left on the plane, so I guess they'll be back sometime!! #savethoseseats",flight_experience,Overall flight experience,negative,0,0.6349107669826596
568911851674836992,"@JetBlue looks like their inflatable car seats got left on the plane, so I guess they'll be back sometime!! #savethoseseats",comfort,Physical comfort during flight,negative,0,0.6349107669826596
568072958821990400,@SouthwestAir pleasantly surprised to be boarding my flight on time this morning at @Fly_Nashville. Good job!,flight_experience,Overall flight experience,positive,2,0.8945755173218076
569660461601447936,@united thanks for making everyone wait in the dark for an hour while Newark tries to figure out which gate to go to. #incompetence,delays,Timeliness and schedule issues,negative,0,0.7305255487994834
569698949474291713,@United many people on Ua6318 are going to miss connections due to long wait time in SFO tarmac. Seriously u can't find an empty gate?,delays,Timeliness and schedule issues,negative,0,0.9751963059204278
569666011147821057,@JetBlue well but for now the only thng we can do is wait for someone to explain us the situation with responsibility http://t.co/ML1JaCpmch,delays,Timeliness and schedule issues,negative,0,0.9290183488869046
568992314296819712,@JetBlue why won't the site let me book tickets for nov for jfk to kin?,booking,Booking and check-in process,negative,0,0.6777247583680724
568533394402861056,@USAirways can I bring a copy or photo of my baby's birth certificate for the flight? I feel uncomfortable traveling with the real thing.,flight_experience,Overall flight experience,neutral,1,0.8332309009683652
569229785500680192,"@VirginAmerica why Cancelled Flight flight VX413? One sec its delayed, on my to airport, the next its Cancelled Flightled?Gonna email or call me to reschedule?",flight_experience,Overall flight experience,negative,0,0.9893233539320682
569229785500680192,"@VirginAmerica why Cancelled Flight flight VX413? One sec its delayed, on my to airport, the next its Cancelled Flightled?Gonna email or call me to reschedule?",delays,Timeliness and schedule issues,negative,0,0.9893233539320682
568542819788451841,"@JetBlue 1st flight of the morning, flying with a toddler. Will the plane be heated to a comfortable temp before boarding starts. #ItsCold",flight_experience,Overall flight experience,neutral,1,0.8255127119294065
568629385105793024,@VirginAmerica help. I was On  Flight  27 from JKF tonight. seat 7C left portfolio. Need it back!!,flight_experience,Overall flight experience,neutral,1,0.8546316415682832
568629385105793024,@VirginAmerica help. I was On  Flight  27 from JKF tonight. seat 7C left portfolio. Need it back!!,comfort,Physical comfort during flight,neutral,1,0.8546316415682832
570292715444965377,@AmericanAir narrowly made standby...lots of snags this trip!,flight_experience,Overall flight experience,negative,0,0.8918844426292117
